{"1701424647.318117": {"left_speed_measured": -2, "right_speed_measured": 0, "time_sampling": 0.43242931365966797, "cam_data": [13.921875, 45.716814159292035, -0.05699094384908676]}, "1701424647.8260758": {"left_speed_measured": -2, "right_speed_measured": 0, "time_sampling": 0.40588831901550293, "cam_data": [13.921875, 45.716814159292035, -0.05699094384908676]}, "1701424648.2297423": {"left_speed_measured": 17, "right_speed_measured": -14, "time_sampling": 0.2989685535430908, "cam_data": [13.921875, 45.530973451327434, -0.10024058073759079]}, "1701424648.6254756": {"left_speed_measured": 14, "right_speed_measured": -15, "time_sampling": 0.2910616397857666, "cam_data": [13.921875, 45.716814159292035, -0.1501435935497284]}, "1701424649.0114846": {"left_speed_measured": 54, "right_speed_measured": 0, "time_sampling": 0.2802717685699463, "cam_data": [14.47875, 45.34513274336283, -0.2470206767320633]}, "1701424649.4123678": {"left_speed_measured": 128, "right_speed_measured": 68, "time_sampling": 0.2972424030303955, "cam_data": [15.778125, 44.78761061946903, -0.2894660234451294]}, "1701424649.8137572": {"left_speed_measured": 86, "right_speed_measured": 70, "time_sampling": 0.29872751235961914, "cam_data": [16.891875, 44.415929203539825, -0.3459666967391968]}, "1701424650.2151349": {"left_speed_measured": 77, "right_speed_measured": 80, "time_sampling": 0.297987699508667, "cam_data": [17.82, 44.415929203539825, -0.2895332872867584]}, "1701424650.609797": {"left_speed_measured": 81, "right_speed_measured": 73, "time_sampling": 0.288543701171875, "cam_data": [18.93375, 44.04424778761062, -0.33075183629989624]}, "1701424651.0094507": {"left_speed_measured": 79, "right_speed_measured": 73, "time_sampling": 0.29304957389831543, "cam_data": [19.861875, 43.67256637168141, -0.28947773575782776]}, "1701424651.4097025": {"left_speed_measured": 74, "right_speed_measured": 79, "time_sampling": 0.2926201820373535, "cam_data": [20.975625, 43.30088495575221, -0.33073970675468445]}, "1701424651.8095052": {"left_speed_measured": 76, "right_speed_measured": 83, "time_sampling": 0.29418110847473145, "cam_data": [22.089374999999997, 42.92920353982301, -0.2894214391708374]}, "1701424652.2095716": {"left_speed_measured": 80, "right_speed_measured": 78, "time_sampling": 0.2913200855255127, "cam_data": [23.0175, 42.557522123893804, -0.33072778582572937]}, "1701424652.6098018": {"left_speed_measured": 77, "right_speed_measured": 77, "time_sampling": 0.2910583019256592, "cam_data": [23.945625, 42.1858407079646, -0.2764875888824463]}, "1701424653.0099804": {"left_speed_measured": 79, "right_speed_measured": 73, "time_sampling": 0.2912278175354004, "cam_data": [25.059375, 41.8141592920354, -0.27651315927505493]}, "1701424653.4100232": {"left_speed_measured": 76, "right_speed_measured": 83, "time_sampling": 0.29221200942993164, "cam_data": [25.9875, 41.442477876106196, -0.33072805404663086]}, "1701424653.809741": {"left_speed_measured": 79, "right_speed_measured": 80, "time_sampling": 0.2935347557067871, "cam_data": [26.915625, 41.07079646017699, -0.28930413722991943]}, "1701424654.216851": {"left_speed_measured": 79, "right_speed_measured": 83, "time_sampling": 0.2995874881744385, "cam_data": [28.029374999999998, 40.88495575221239, -0.28933823108673096]}, "1701424654.6167839": {"left_speed_measured": 65, "right_speed_measured": 83, "time_sampling": 0.29485106468200684, "cam_data": [29.143124999999998, 40.32743362831859, -0.2892483174800873]}, "1701424655.014278": {"left_speed_measured": 88, "right_speed_measured": 81, "time_sampling": 0.2883613109588623, "cam_data": [30.07125, 40.14159292035398, -0.2892819046974182]}, "1701424655.4145875": {"left_speed_measured": 77, "right_speed_measured": 78, "time_sampling": 0.29747748374938965, "cam_data": [31.184999999999995, 39.769911504424776, -0.3307642340660095]}, "1701424655.8134556": {"left_speed_measured": 80, "right_speed_measured": 76, "time_sampling": 0.29550838470458984, "cam_data": [32.29875, 39.39823008849557, -0.28922635316848755]}, "1701424656.215223": {"left_speed_measured": 74, "right_speed_measured": 82, "time_sampling": 0.2984199523925781, "cam_data": [33.226875, 39.02654867256637, -0.3307522237300873]}, "1701424656.613457": {"left_speed_measured": 83, "right_speed_measured": 77, "time_sampling": 0.29564857482910156, "cam_data": [34.340625, 38.65486725663717, -0.2891709804534912]}, "1701424657.0139055": {"left_speed_measured": 71, "right_speed_measured": 84, "time_sampling": 0.2970271110534668, "cam_data": [35.26875, 38.469026548672566, -0.2762605547904968]}, "1701424657.4168339": {"left_speed_measured": 80, "right_speed_measured": 72, "time_sampling": 0.3004119396209717, "cam_data": [36.3825, 38.097345132743364, -0.33080142736434937]}, "1701424657.8142734": {"left_speed_measured": 78, "right_speed_measured": 78, "time_sampling": 0.29450249671936035, "cam_data": [37.310625, 37.72566371681416, -0.2891485095024109]}, "1701424658.2156725": {"left_speed_measured": 76, "right_speed_measured": 80, "time_sampling": 0.29930973052978516, "cam_data": [38.424375, 37.35398230088496, -0.3164249360561371]}, "1701424658.61236": {"left_speed_measured": 81, "right_speed_measured": 74, "time_sampling": 0.29297780990600586, "cam_data": [39.3525, 36.982300884955755, -0.27612680196762085]}, "1701424659.008831": {"left_speed_measured": 72, "right_speed_measured": 78, "time_sampling": 0.29320716857910156, "cam_data": [40.466249999999995, 36.796460176991154, -0.27615275979042053]}, "1701424659.415729": {"left_speed_measured": 79, "right_speed_measured": 80, "time_sampling": 0.2990841865539551, "cam_data": [41.394375, 36.424778761061944, -0.3164471983909607]}, "1701424659.8142672": {"left_speed_measured": 77, "right_speed_measured": 71, "time_sampling": 0.2920956611633301, "cam_data": [42.3225, 36.05309734513274, -0.27608612179756165]}, "1701424660.2150764": {"left_speed_measured": 76, "right_speed_measured": 85, "time_sampling": 0.2997095584869385, "cam_data": [43.43625, 35.68141592920354, -0.28906476497650146]}, "1701424660.6147814": {"left_speed_measured": 81, "right_speed_measured": 76, "time_sampling": 0.2981698513031006, "cam_data": [44.55, 35.49557522123894, -0.27613767981529236]}, "1701424661.0147765": {"left_speed_measured": 73, "right_speed_measured": 70, "time_sampling": 0.29753732681274414, "cam_data": [45.478125, 35.123893805309734, -0.2760448455810547]}, "1701424661.4145868": {"left_speed_measured": 78, "right_speed_measured": 78, "time_sampling": 0.29827237129211426, "cam_data": [46.591875, 34.75221238938053, -0.27607038617134094]}, "1701424661.8147054": {"left_speed_measured": 85, "right_speed_measured": 79, "time_sampling": 0.29688024520874023, "cam_data": [47.519999999999996, 34.38053097345133, -0.27597835659980774]}, "1701424662.2143445": {"left_speed_measured": 82, "right_speed_measured": 76, "time_sampling": 0.29404735565185547, "cam_data": [48.63375, 34.008849557522126, -0.2760041654109955]}, "1701424662.6138914": {"left_speed_measured": 76, "right_speed_measured": 85, "time_sampling": 0.29835963249206543, "cam_data": [49.561875, 33.823008849557525, -0.2760293781757355]}, "1701424663.0141146": {"left_speed_measured": 74, "right_speed_measured": 77, "time_sampling": 0.29860401153564453, "cam_data": [50.489999999999995, 33.45132743362832, -0.275937020778656]}, "1701424663.4136827": {"left_speed_measured": 52, "right_speed_measured": 77, "time_sampling": 0.2981114387512207, "cam_data": [51.603750000000005, 33.07964601769911, -0.2759625017642975]}, "1701424663.8134823": {"left_speed_measured": 96, "right_speed_measured": 75, "time_sampling": 0.29860472679138184, "cam_data": [52.531875, 32.70796460176991, -0.31648749113082886]}, "1701424664.216353": {"left_speed_measured": 74, "right_speed_measured": 74, "time_sampling": 0.30089688301086426, "cam_data": [53.645624999999995, 32.336283185840706, -0.2758958339691162]}, "1701424664.6131353": {"left_speed_measured": 73, "right_speed_measured": 84, "time_sampling": 0.29582881927490234,