{"1701424356.6581378": {"left_speed_measured": 0, "right_speed_measured": 0, "time_sampling": 0.42401862144470215, "cam_data": [14.664374999999998, 36.23893805309734, -0.009657320566475391]}, "1701424357.054631": {"left_speed_measured": 60, "right_speed_measured": 49, "time_sampling": 0.29343128204345703, "cam_data": [15.221250000000001, 36.23893805309734, -0.00966060534119606]}, "1701424357.4574459": {"left_speed_measured": 131, "right_speed_measured": 69, "time_sampling": 0.2964613437652588, "cam_data": [16.520625, 36.23893805309734, -0.05308122932910919]}, "1701424357.857346": {"left_speed_measured": 101, "right_speed_measured": 75, "time_sampling": 0.28789710998535156, "cam_data": [17.82, 36.05309734513274, -0.0908038392663002]}, "1701424358.255954": {"left_speed_measured": 71, "right_speed_measured": 74, "time_sampling": 0.29372715950012207, "cam_data": [18.748124999999998, 35.68141592920354, -0.13813285529613495]}, "1701424358.6583393": {"left_speed_measured": 74, "right_speed_measured": 73, "time_sampling": 0.29645705223083496, "cam_data": [19.861875, 35.68141592920354, -0.14537890255451202]}, "1701424359.0572412": {"left_speed_measured": 86, "right_speed_measured": 77, "time_sampling": 0.2876436710357666, "cam_data": [20.975625, 35.49557522123894, -0.10144329071044922]}, "1701424359.457179": {"left_speed_measured": 86, "right_speed_measured": 73, "time_sampling": 0.29462409019470215, "cam_data": [22.089374999999997, 35.309734513274336, -0.09586818516254425]}, "1701424359.8549423": {"left_speed_measured": 77, "right_speed_measured": 83, "time_sampling": 0.29299306869506836, "cam_data": [23.203125, 35.123893805309734, -0.1381203532218933]}, "1701424360.2556746": {"left_speed_measured": 79, "right_speed_measured": 81, "time_sampling": 0.29540061950683594, "cam_data": [24.13125, 34.93805309734513, -0.1380954533815384]}, "1701424360.6556685": {"left_speed_measured": 82, "right_speed_measured": 77, "time_sampling": 0.2934870719909668, "cam_data": [25.059375, 34.75221238938053, -0.10138718783855438]}, "1701424361.054959": {"left_speed_measured": 82, "right_speed_measured": 78, "time_sampling": 0.293529748916626, "cam_data": [26.173125, 34.75221238938053, -0.13812048733234406]}, "1701424361.454868": {"left_speed_measured": 69, "right_speed_measured": 80, "time_sampling": 0.29451775550842285, "cam_data": [27.286875, 34.38053097345133, -0.13809573650360107]}, "1701424361.8533733": {"left_speed_measured": 75, "right_speed_measured": 79, "time_sampling": 0.293759822845459, "cam_data": [28.214999999999996, 34.38053097345133, -0.09580869227647781]}, "1701424362.2562044": {"left_speed_measured": 104, "right_speed_measured": 70, "time_sampling": 0.2973296642303467, "cam_data": [29.328749999999996, 34.19469026548673, -0.09577883034944534]}, "1701424362.6545153": {"left_speed_measured": 75, "right_speed_measured": 80, "time_sampling": 0.28649353981018066, "cam_data": [30.442500000000003, 34.008849557522126, -0.14538855850696564]}, "1701424363.0546415": {"left_speed_measured": 81, "right_speed_measured": 78, "time_sampling": 0.29373812675476074, "cam_data": [31.55625, 33.823008849557525, -0.13808302581310272]}, "1701424363.4544144": {"left_speed_measured": 83, "right_speed_measured": 74, "time_sampling": 0.29323244094848633, "cam_data": [32.67, 33.823008849557525, -0.09575646370649338]}, "1701424363.8545556": {"left_speed_measured": 83, "right_speed_measured": 73, "time_sampling": 0.29367756843566895, "cam_data": [33.78375, 33.63716814159292, -0.14540934562683105]}, "1701424364.2547207": {"left_speed_measured": 84, "right_speed_measured": 84, "time_sampling": 0.2937753200531006, "cam_data": [34.711875, 33.45132743362832, -0.13809546828269958]}, "1701424364.6545234": {"left_speed_measured": 73, "right_speed_measured": 84, "time_sampling": 0.2937893867492676, "cam_data": [35.825624999999995, 33.26548672566372, -0.09573449939489365]}, "1701424365.0546186": {"left_speed_measured": 78, "right_speed_measured": 77, "time_sampling": 0.28989076614379883, "cam_data": [36.939375, 33.07964601769911, -0.09570453315973282]}, "1701424365.4549112": {"left_speed_measured": 82, "right_speed_measured": 80, "time_sampling": 0.29099011421203613, "cam_data": [37.8675, 33.07964601769911, -0.13809527456760406]}, "1701424365.8548348": {"left_speed_measured": 81, "right_speed_measured": 77, "time_sampling": 0.2903306484222412, "cam_data": [38.98125, 32.70796460176991, -0.13807010650634766]}, "1701424366.2533514": {"left_speed_measured": 76, "right_speed_measured": 76, "time_sampling": 0.2877640724182129, "cam_data": [39.909375, 32.70796460176991, -0.09567468613386154]}, "1701424366.654416": {"left_speed_measured": 77, "right_speed_measured": 69, "time_sampling": 0.29505205154418945, "cam_data": [41.023125, 32.52212389380531, -0.1454123854637146]}, "1701424367.055332": {"left_speed_measured": 78, "right_speed_measured": 91, "time_sampling": 0.2889711856842041, "cam_data": [42.136874999999996, 32.52212389380531, -0.09568248689174652]}, "1701424367.4544983": {"left_speed_measured": 85, "right_speed_measured": 85, "time_sampling": 0.29273223876953125, "cam_data": [43.250625, 32.336283185840706, -0.09565245360136032]}, "1701424367.8566673": {"left_speed_measured": 94, "right_speed_measured": 76, "time_sampling": 0.29207634925842285, "cam_data": [44.178749999999994, 32.150442477876105, -0.09562330693006516]}, "1701424368.2586668": {"left_speed_measured": 79, "right_speed_measured": 95, "time_sampling": 0.29797816276550293, "cam_data": [45.478125, 31.964601769911503, -0.10122950375080109]}, "1701424368.6542726": {"left_speed_measured": 75, "right_speed_measured": 83, "time_sampling": 0.2897777557373047, "cam_data": [46.40625, 31.778761061946902, -0.09049128741025925]}, "1701424369.054729": {"left_speed_measured": 70, "right_speed_measured": 99, "time_sampling": 0.2894022464752197, "cam_data": [47.519999999999996, 31.778761061946902, -0.05262086167931557]}, "1701424369.4558957": {"left_speed_measured": 71, "right_speed_measured": 83, "time_sampling": 0.29454779624938965, "cam_data": [48.63375, 31.778761061946902, -0.05263494700193405]}, "1701424369.8548043": {"left_speed_measured": 91, "right_speed_measured": 79, "time_sampling": 0.2910640239715576, "cam_data": [49.747499999999995, 31.5929203539823, -0.0526060126721859]}, "1701424370.2551494": {"left_speed_measured": 110, "right_speed_measured": 75, "time_sampling": 0.29067397117614746, "cam_data": [51.046875, 31.5929203539823, -0.09564550966024399]}, "1701424370.6550794": {"left_speed_measured": 140, "right_speed_measured": 76, "time_sampling": 0.288759708404541, "cam_data": [52.34625, 31.221238938053098, -0.09048466384410858]}, "1701424371.054723": {"left_speed_measured": 98, "right_speed_measured": 75, "time_sampling": 0.29215431213378906, "cam_data": [53.46, 31.035398230088497, -0.18911324441432953]}, "1701424371.4548876": {"left_speed_measured": 92, "right_speed_measured": 77, "time_sampling": 0.29247570037841797, "cam_data": [54.57375, 30.849557522123895, -0.22122523188591003]}, "1701424371.8548274": {"left_speed_measured": 86, "right_speed_measured": 75, "time_sampling": 0.2910575866699219, "cam_data": [55.6875, 30.47787610619469, -0.23184888064861298]}, "1701424372.254859": {"left_speed_measured": 87, "right_speed_measured": 75, "time_sampling": 0.28839635848999023, "cam_data": [56.801249999999996, 30.292035398230087, -0.2212517112493515]}, "1701424372.6553102": {"left_speed_measured": 78, "right_speed_measured": 77, "time_sampling": 0.2911250591278076, "cam_data": [57.72937499999999, 29.920353982300885, -0.22114703059196472]}, "1701424373.0546799": {"left_speed_measured": 74, "right_speed_measured": 78, "time_sampling": 0.29133081436157227, "cam_data": [58.65749999999999, 29.734513274336283, -0.22114676237106323]}, "1701424373.4545257": {"left_speed_measured": 71, "right_speed_measured": 75, "time_sampling": 0.29099011421203613, "cam_data": [59.771249999999995, 29.548672566371682, -0.22114671766757965]},