{"1701424443.594002": {"left_speed_measured": 0, "right_speed_measured": 0, "time_sampling": 0.4235711097717285, "cam_data": [15.035625, 52.9646017699115, -0.5469402074813843]}, "1701424443.9967299": {"left_speed_measured": 64, "right_speed_measured": 92, "time_sampling": 0.29795169830322266, "cam_data": [15.592499999999998, 52.7787610619469, -0.48751726746559143]}, "1701424444.3965912": {"left_speed_measured": 73, "right_speed_measured": 97, "time_sampling": 0.2957465648651123, "cam_data": [16.520625, 52.2212389380531, -0.48745161294937134]}, "1701424444.7936766": {"left_speed_measured": 79, "right_speed_measured": 75, "time_sampling": 0.29276466369628906, "cam_data": [17.448749999999997, 51.663716814159294, -0.4291246831417084]}, "1701424445.1945448": {"left_speed_measured": 76, "right_speed_measured": 83, "time_sampling": 0.2951514720916748, "cam_data": [18.376875, 51.10619469026549, -0.48742347955703735]}, "1701424445.5969405": {"left_speed_measured": 78, "right_speed_measured": 76, "time_sampling": 0.29288578033447266, "cam_data": [19.305, 50.73451327433628, -0.4671882390975952]}, "1701424445.9921257": {"left_speed_measured": 77, "right_speed_measured": 75, "time_sampling": 0.2910590171813965, "cam_data": [20.41875, 50.176991150442475, -0.48739585280418396]}, "1701424446.392165": {"left_speed_measured": 91, "right_speed_measured": 70, "time_sampling": 0.2940075397491455, "cam_data": [21.346875, 49.61946902654867, -0.4671275317668915]}, "1701424446.7927551": {"left_speed_measured": 70, "right_speed_measured": 81, "time_sampling": 0.2938232421875, "cam_data": [22.275, 49.06194690265487, -0.44831064343452454]}, "1701424447.192422": {"left_speed_measured": 70, "right_speed_measured": 82, "time_sampling": 0.29425859451293945, "cam_data": [23.203125, 48.690265486725664, -0.44831085205078125]}, "1701424447.5924678": {"left_speed_measured": 86, "right_speed_measured": 81, "time_sampling": 0.29369115829467773, "cam_data": [24.13125, 48.13274336283186, -0.44822296500205994]}, "1701424447.9929144": {"left_speed_measured": 101, "right_speed_measured": 71, "time_sampling": 0.2951843738555908, "cam_data": [25.059375, 47.575221238938056, -0.42883437871932983]}, "1701424448.3922439": {"left_speed_measured": 81, "right_speed_measured": 77, "time_sampling": 0.2922091484069824, "cam_data": [25.9875, 47.203539823008846, -0.3888434171676636]}, "1701424448.7933164": {"left_speed_measured": 67, "right_speed_measured": 70, "time_sampling": 0.29498291015625, "cam_data": [26.915625, 46.64601769911504, -0.42871856689453125]}, "1701424449.1923134": {"left_speed_measured": 65, "right_speed_measured": 73, "time_sampling": 0.2863478660583496, "cam_data": [28.029374999999998, 46.08849557522124, -0.4287024736404419]}, "1701424449.5922055": {"left_speed_measured": 75, "right_speed_measured": 72, "time_sampling": 0.2948477268218994, "cam_data": [28.771875, 45.716814159292035, -0.46706637740135193]}, "1701424449.9931521": {"left_speed_measured": 71, "right_speed_measured": 78, "time_sampling": 0.2959251403808594, "cam_data": [29.885624999999997, 45.15929203539823, -0.46708405017852783]}, "1701424450.3922124": {"left_speed_measured": 79, "right_speed_measured": 77, "time_sampling": 0.2922484874725342, "cam_data": [30.628125, 44.60176991150443, -0.4670065939426422]}, "1701424450.792637": {"left_speed_measured": 77, "right_speed_measured": 72, "time_sampling": 0.29047560691833496, "cam_data": [31.741875, 44.230088495575224, -0.46702438592910767]}, "1701424451.1922994": {"left_speed_measured": 76, "right_speed_measured": 73, "time_sampling": 0.2889132499694824, "cam_data": [32.484375, 43.67256637168141, -0.487451434135437]}, "1701424451.592609": {"left_speed_measured": 74, "right_speed_measured": 78, "time_sampling": 0.2948281764984131, "cam_data": [33.4125, 43.11504424778761, -0.4669632315635681]}, "1701424451.9923422": {"left_speed_measured": 78, "right_speed_measured": 74, "time_sampling": 0.28832077980041504, "cam_data": [34.340625, 42.557522123893804, -0.48742401599884033]}, "1701424452.39257": {"left_speed_measured": 71, "right_speed_measured": 83, "time_sampling": 0.288715124130249, "cam_data": [35.454375, 42.1858407079646, -0.46690282225608826]}, "1701424452.7938006": {"left_speed_measured": 74, "right_speed_measured": 83, "time_sampling": 0.29254889488220215, "cam_data": [36.3825, 41.6283185840708, -0.4668254256248474]}, "1701424453.192352": {"left_speed_measured": 74, "right_speed_measured": 84, "time_sampling": 0.2884488105773926, "cam_data": [37.310625, 41.07079646017699, -0.4282974600791931]}, "1701424453.5922916": {"left_speed_measured": 71, "right_speed_measured": 85, "time_sampling": 0.28696274757385254, "cam_data": [38.424375, 40.69911504424779, -0.4282807409763336]}, "1701424453.9923716": {"left_speed_measured": 76, "right_speed_measured": 82, "time_sampling": 0.290102481842041, "cam_data": [39.3525, 40.32743362831859, -0.41008877754211426]}, "1701424454.3930795": {"left_speed_measured": 111, "right_speed_measured": 88, "time_sampling": 0.29223108291625977, "cam_data": [40.280625, 39.584070796460175, -0.41005823016166687]}, "1701424454.7925723": {"left_speed_measured": 71, "right_speed_measured": 78, "time_sampling": 0.2908315658569336, "cam_data": [41.208749999999995, 39.21238938053097, -0.42814892530441284]}, "1701424455.19251": {"left_speed_measured": 75, "right_speed_measured": 71, "time_sampling": 0.2895209789276123, "cam_data": [42.136874999999996, 38.65486725663717, -0.4099200665950775]}, "1701424455.5923636": {"left_speed_measured": 77, "right_speed_measured": 73, "time_sampling": 0.28934550285339355, "cam_data": [43.065, 38.283185840707965, -0.42803311347961426]}, "1701424455.9925523": {"left_speed_measured": 78, "right_speed_measured": 69, "time_sampling": 0.2914748191833496, "cam_data": [43.993125, 37.72566371681416, -0.4669547975063324]}, "1701424456.3926394": {"left_speed_measured": 79, "right_speed_measured": 74, "time_sampling": 0.29131650924682617, "cam_data": [44.92125, 37.35398230088496, -0.4280911386013031]}, "1701424456.7916358": {"left_speed_measured": 61, "right_speed_measured": 85, "time_sampling": 0.29081201553344727, "cam_data": [45.849374999999995, 36.796460176991154, -0.42807480692863464]}, "1701424457.2017481": {"left_speed_measured": 76, "right_speed_measured": 73, "time_sampling": 0.29848575592041016, "cam_data": [46.963125, 36.424778761061944, -0.42805835604667664]}, "1701424457.5924969": {"left_speed_measured": 67, "right_speed_measured": 74, "time_sampling": 0.2851545810699463, "cam_data": [47.89125, 36.05309734513274, -0.4097510576248169]}, "1701424457.9926255": {"left_speed_measured": 82, "right_speed_measured": 82, "time_sampling": 0.29308295249938965, "cam_data": [48.819374999999994, 35.68141592920354, -0.37031134963035583]}, "1701424458.3913126": {"left_speed_measured": 79, "right_speed_measured": 81, "time_sampling": 0.290637731552124, "cam_data": [49.747499999999995, 35.123893805309734, -0.3702535927295685]}, "1701424458.7925904": {"left_speed_measured": 74, "right_speed_measured": 77, "time_sampling": 0.29636669158935547, "cam_data": [50.675625, 34.75221238938053, -0.40975138545036316]}, "1701424459.192632": {"left_speed_measured": 80, "right_speed_measured": 78, "time_sampling": 0.28954219818115234, "cam_data": [51.78937499999999, 34.19469026548673, -0.40972039103507996]}, "1701424459.591867": {"left_speed_measured": 88, "right_speed_measured": 76, "time_sampling": 0.29041147232055664, "cam_data": [52.717499999999994, 33.63716814159292, -0.4476895332336426]}, "1701424459.9923491": {"left_speed_measured": 76, "right_speed_measured": 76, "time_sampling": 0.2914619445800781, "cam_data": [53.645624999999995, 33.26548672566372, -0.42795130610466003]}, "1701424460.3928769": {"left_speed_measured": 75, "right_speed_measured": 92, "time_sampling": 0.2922666072845459, "cam_data": [54.759375, 32.70796460176991, -0.42793476581573486]}, "1701424460.792614": {"left_speed_measured": 73, "right_speed_measured": 85,